-- phpMyAdmin SQL Dump
-- version 4.9.0.1
-- https://www.phpmyadmin.net/
--
-- Host: 127.0.0.1
-- Generation Time: Oct 25, 2021 at 02:51 AM
-- Server version: 10.4.6-MariaDB
-- PHP Version: 7.3.9

SET SQL_MODE = "NO_AUTO_VALUE_ON_ZERO";
SET AUTOCOMMIT = 0;
START TRANSACTION;
SET time_zone = "+00:00";


/*!40101 SET @OLD_CHARACTER_SET_CLIENT=@@CHARACTER_SET_CLIENT */;
/*!40101 SET @OLD_CHARACTER_SET_RESULTS=@@CHARACTER_SET_RESULTS */;
/*!40101 SET @OLD_COLLATION_CONNECTION=@@COLLATION_CONNECTION */;
/*!40101 SET NAMES utf8mb4 */;

--
-- Database: `cmd_airline`
--
CREATE DATABASE IF NOT EXISTS `cmd_airline` DEFAULT CHARACTER SET latin1 COLLATE latin1_swedish_ci;
USE `cmd_airline`;

--
-- Dumping data for table `aircraft`
--

INSERT INTO `aircraft` (`id`, `name`, `model`, `passenger_capacity`, `status`) VALUES
(2, 'Airbus319', 'Boeing 747', 40, 'active'),
(3, 'Airbus321', 'Boeing 747', 85, 'active'),
(4, 'Airbus322', 'Boeing 777', 90, 'active'),
(5, 'test', '', 0, 'inactive'),
(7, 'test', 'Boeing 747', 85, 'active'),
(8, 'Boeing 777-300', 'Boeing 777', 40, 'active'),
(9, 'Boeing 777-003', 'Boeing 777', 40, 'active'),
(10, 'Airbus A321neo', 'Boeing 777', 80, 'active');

--
-- Dumping data for table `airport`
--

INSERT INTO `airport` (`airport_code`, `name`, `address`, `type`, `airport_status`) VALUES
('CVC', 'Cleve Airport', 'Cleve, South Australia, Australia', 'International', 'active'),
('LAM', 'Los Alamos County Airport', 'Los Alamos, New Mexico, United Statess', 'International', 'active'),
('LAX', 'Los Angeles International Airport', 'Los Angeles, California, United States', 'International', 'active'),
('MFM', 'Macau International Airport', 'Macau', 'International', 'active'),
('MNL', 'Ninoy Aquino International Airport', 'Manila, Philippines', 'Local', 'active'),
('MRQ', 'Marinduque Airport', 'Marinduque Island, Philippines', 'Local', 'active'),
('SAM', 'New Airport', 'New Sample Address', 'International', 'inactive'),
('TAK', 'Takamatsu Airport', 'Takamatsu, Shikoku, Japan', 'International', 'active'),
('TBB', 'Dong Tac Airport', 'Tuy Hoa, Vietnam', 'International', 'active'),
('TCO', 'La Florida Airport', 'Tumaco, Colombia', 'International', 'active'),
('TCP', 'Taba International Airport', 'Taba, Egypt', 'International', 'active'),
('TDW', 'Tradewind Airport', 'Amarillo, Texas, United States', 'International', 'inactive'),
('TEL', 'Test Airport modify', 'Test', 'Local', 'inactive'),
('tes', 'test', 'test', 'International', 'inactive'),
('TES1', 'Test Airport mod', 'sample111', 'International', 'inactive'),
('testtt', 'test', 'test', 'Local', 'inactive'),
('THU', 'Thule Air Base', 'Pituffik, Greenland', 'International', 'active');

--
-- Dumping data for table `employee`
--

INSERT INTO `employee` (`id`, `firstname`, `middlename`, `lastname`, `suffix`, `email`, `password`, `position`, `account_status`) VALUES
(1, 'jovi', '', 'isorena', '', 'admin@gmail.com', '$2y$10$h6uknYaNX7.Bm/h23SbLl.UD4gjWrREyP92s.bySr7mDOgJ.6oUHa', '1', 'active'),
(2, 'testadmi', '', 'adminnn', '', 'admin2@gmail.com', '$2y$10$UznUZRan2C8rtV1aUYy9I.FBjVGUdUsAV3bN6.hhYKXT8cq0Cnn8i', '1', 'active'),
(3, 'admin', 'admin', 'adminlast', '', 'admin3@gmail.com', '$2y$10$R9FQrZljcBW8JFI0lxiqTeL/tlYTS1M1LBeCxL1X1.klNE2ShyO2q', '1', 'active'),
(4, 'aaa', 'aa', 'aa', '', 'testadmin@gmail.com', '$2y$10$mcAPIbfo1xK5BlAhyqYJWON9t/Ch3WnrhYcB5MBGQUVwxqrODrsp.', '1', 'active');

--
-- Dumping data for table `extra`
--

INSERT INTO `extra` (`id`, `type`, `name`, `description`, `price`, `extra_status`) VALUES
(1, 'Baggage', 'Prepaid Baggage 5KG', 'prepaid baggage 5kg', '40.00', 'active'),
(2, 'Baggage', 'Prepaid Baggage 10KG', 'prepaid baggage 10kg', '80.00', 'active'),
(3, 'Baggage', 'Prepaid Baggage 15KG', 'prepaid baggage 15kg', '120.00', 'active'),
(4, 'Baggage', 'Prepaid Baggage 20KG', 'prepaid baggage 20kg', '160.00', 'active'),
(5, 'Meal', 'Sushi Bento Box', 'bento box ', '8.00', 'active'),
(6, 'Meal', 'One Meal Pinoy Signature Meal', 'pinoy lang sakalam', '8.00', 'active'),
(7, 'Roaming Service', 'myPAL Roam 3Days', '3days roaming service', '24.00', 'active'),
(8, 'Roaming Service', 'myPAL Roam 5Days', '5days roaming service', '40.00', 'active'),
(9, 'Roaming Service', 'myPAL Roam 7Days', '7days roaming service', '56.00', 'active'),
(10, 'Roaming Service', 'myPAL Roam 10Days', '10days roaming service', '80.00', 'active'),
(11, 'Roaming Service', 'myPAL Roam 15Days', '15days roaming service', '120.00', 'active'),
(12, 'Roaming Service', 'myPAL Roam 20Days', '20days roaming service', '160.00', 'active'),
(13, 'Roaming Service', 'myPAL Roam 30Days', '30days roaming service', '240.00', 'active'),
(14, 'Baggage', 'tesss', 'tesst lamang', '100.00', 'active'),
(15, 'Baggage', 'test test', 'test test', '10.00', 'inactive'),
(16, 'Roaming Service', 'Sample Roam', 'Sample Only', '280.00', 'active');

--
-- Dumping data for table `fare`
--

INSERT INTO `fare` (`id`, `name`, `class`, `checked_baggage`, `flight_date_change`, `cancellation_before_depart`, `no_show_fee`, `mileage_accrual`, `fare_status`) VALUES
(1, 'Economy Supersaver', 'Economy', '✓ with a FEE', '*No charge', '✕', '✕', 11, 'active'),
(2, 'Economy Saver', 'Economy', '10kg', '*No charge', '✓ with a FEE', '✓ with a FEE', 50, 'active'),
(3, 'Economy Value', 'Economy', '20kg on Jet services or 10kg on Q400 turbo prop aircraft', '*No charge', '✓ with a FEE', '✓ with a FEE', 75, 'active'),
(4, 'Economy Flex', 'Economy', '20kg on Jet services or 10kg on Q400 turbo prop aircraft', '*No charge', '✓ with a FEE', '✓ with a FEE', 100, 'active'),
(5, 'Test fare', 'Economy', '✓ with a FEE', '✓', '✕', '✕', 0, 'active'),
(6, 'Premium Economy', 'Premium Economy', '25kg', '*No charge', '✓ with a FEE', '✓ with a FEE', 100, 'active'),
(7, 'Business Value', 'Business', '30kg', '*No charge', '✓ with a FEE', '✓ with a FEE', 125, 'active'),
(8, 'Business Flex', 'Business', '35kg', '✓', '✓ with a FEE', '✓ with a FEE', 150, 'active'),
(9, 'test fare', 'Premium Economy', '✓ with a FEE', '*No charge', 'with a FEE', 'Yes', 13, 'active');

--
-- Dumping data for table `flight`
--

INSERT INTO `flight` (`flight_no`, `duration_minutes`, `airport_origin`, `airport_destination`, `type`, `flight_status`) VALUES
('11111', 125, 'TDW', 'LAM', 'International', 'active'),
('11114', 140, 'TAK', 'MNL', 'International', 'inactive'),
('11123', 120, 'LAX', 'MNL', 'International', 'active'),
('12134', 120, 'LAX', 'MNL', 'International', 'active'),
('12222', 170, 'TAK', 'TCO', 'International', 'active'),
('12345', 140, 'MNL', 'LAX', 'International', 'active'),
('55555', 150, 'MNL', 'MRQ', 'Local', 'active'),
('78888', 160, 'MNL', 'MRQ', 'Local', 'active'),
('85654', 1, 'LAM', 'LAX', 'International', 'active'),
('87667', 360, 'LAX', 'MNL', 'International', 'active'),
('PR1332', 300, 'MNL', 'MRQ', 'Local', 'active'),
('PR204', 135, 'MNL', 'MRQ', 'Local', 'active'),
('test', 69, 'CVC', 'LAM', 'International', 'inactive'),
('test1', 190, 'MNL', 'LAX', 'International', 'active'),
('test2', 190, 'MNL', 'LAX', 'International', 'active'),
('test3', 190, 'MNL', 'LAX', 'International', 'active'),
('test4', 190, 'LAX', 'MNL', 'International', 'active'),
('test5', 190, 'LAX', 'MNL', 'International', 'active'),
('test6', 190, 'LAX', 'MNL', 'International', 'active');

--
-- Dumping data for table `flight_extra`
--

INSERT INTO `flight_extra` (`id`, `flight_no`, `extra_id`, `status`) VALUES
(2, '11111', 2, 'inactive'),
(4, '11111', 3, 'inactive'),
(5, '11111', 4, 'inactive'),
(7, '11111', 5, 'inactive'),
(8, '11111', 6, 'inactive'),
(13, '11111', 7, 'inactive'),
(14, '11111', 8, 'inactive'),
(15, '11111', 9, 'inactive'),
(17, '11123', 2, 'inactive'),
(18, '11123', 5, 'inactive'),
(19, '11123', 10, 'inactive'),
(21, 'PR1332', 5, 'inactive'),
(22, 'PR1332', 6, 'inactive'),
(23, 'PR1332', 1, 'inactive'),
(24, 'PR1332', 2, 'inactive'),
(25, 'PR1332', 3, 'inactive'),
(26, 'PR1332', 7, 'inactive'),
(27, 'test4', 1, 'inactive'),
(28, 'test4', 2, 'inactive'),
(29, 'test4', 3, 'inactive'),
(30, 'test4', 5, 'inactive'),
(31, 'test4', 6, 'inactive'),
(32, 'test4', 7, 'inactive'),
(33, 'test4', 8, 'inactive'),
(34, 'test4', 9, 'inactive'),
(35, 'test5', 1, 'inactive'),
(36, 'test5', 2, 'inactive'),
(37, 'test5', 3, 'inactive'),
(38, 'test5', 6, 'inactive'),
(39, 'test5', 7, 'inactive'),
(40, 'test6', 1, 'inactive'),
(41, 'test6', 2, 'inactive'),
(42, 'test6', 3, 'inactive'),
(43, 'test6', 6, 'inactive'),
(44, 'test6', 8, 'inactive'),
(45, 'test1', 1, 'active'),
(46, 'test1', 2, 'active'),
(47, 'test1', 3, 'active'),
(48, 'test1', 5, 'active'),
(49, 'test1', 6, 'active'),
(50, 'test1', 7, 'active'),
(51, 'test1', 8, 'active'),
(52, 'test1', 9, 'active'),
(53, 'test1', 10, 'active'),
(54, 'test2', 1, 'active'),
(55, 'test2', 2, 'active'),
(56, 'test2', 3, 'active'),
(57, 'test2', 5, 'active'),
(58, 'test2', 6, 'active'),
(59, 'test2', 7, 'active'),
(60, 'test2', 8, 'active'),
(61, 'test2', 9, 'active'),
(62, 'test2', 10, 'active'),
(63, 'test3', 1, 'active'),
(64, 'test3', 2, 'active'),
(65, 'test3', 3, 'active'),
(66, 'test3', 5, 'active'),
(67, 'test3', 6, 'active'),
(68, 'test3', 7, 'active'),
(69, 'test3', 8, 'active'),
(70, 'test3', 9, 'active'),
(71, 'test3', 10, 'active'),
(72, 'test4', 1, 'active'),
(73, 'test4', 2, 'active'),
(74, 'test4', 3, 'active'),
(75, 'test4', 5, 'active'),
(76, 'test4', 6, 'active'),
(77, 'test4', 7, 'active'),
(78, 'test4', 8, 'active'),
(79, 'test4', 9, 'active'),
(80, 'test4', 10, 'active'),
(81, 'test5', 1, 'active'),
(82, 'test5', 2, 'active'),
(83, 'test5', 3, 'active'),
(84, 'test5', 5, 'active'),
(85, 'test5', 6, 'active'),
(86, 'test5', 7, 'active'),
(87, 'test5', 8, 'active'),
(88, 'test5', 9, 'active'),
(89, 'test5', 10, 'active'),
(90, 'test6', 1, 'active'),
(91, 'test6', 2, 'active'),
(92, 'test6', 3, 'active'),
(93, 'test6', 5, 'active'),
(94, 'test6', 6, 'active'),
(95, 'test6', 7, 'active'),
(96, 'test6', 8, 'active'),
(97, 'test6', 9, 'active'),
(98, 'test6', 10, 'active'),
(99, '11111', 1, 'active');

--
-- Dumping data for table `flight_fare`
--

INSERT INTO `flight_fare` (`id`, `flight_no`, `fare_id`, `price`, `available_slots`, `status`) VALUES
(1, '11111', 5, '900.00', 2, 'inactive'),
(2, '11111', 6, '2500.00', 20, 'active'),
(3, '11111', 8, '3700.00', 60, 'active'),
(4, '11111', 1, '1400.00', 10, 'active'),
(5, '11111', 3, '1500.00', 20, 'active'),
(6, '11111', 7, '3300.00', 20, 'active'),
(7, '11111', 2, '1200.00', 10, 'active'),
(8, '11123', 2, '1300.00', 20, 'active'),
(9, '11123', 7, '3000.00', 10, 'active'),
(10, '11111', 5, '140.00', 20, 'inactive'),
(11, 'PR1332', 1, '1300.00', 15, 'active'),
(12, 'PR1332', 2, '1600.00', 20, 'active'),
(13, 'PR1332', 3, '2000.00', 25, 'active'),
(14, 'PR1332', 6, '2500.00', 10, 'active'),
(15, 'PR1332', 8, '3000.00', 10, 'active'),
(16, 'test1', 2, '1000.00', 10, 'active'),
(17, 'test1', 3, '1150.00', 10, 'active'),
(18, 'test1', 6, '1400.00', 10, 'active'),
(19, 'test1', 7, '2000.00', 10, 'active'),
(20, 'test1', 8, '2500.00', 10, 'active'),
(21, 'test2', 1, '900.00', 10, 'active'),
(22, 'test2', 3, '1200.00', 10, 'active'),
(23, 'test2', 6, '1300.00', 10, 'active'),
(24, 'test2', 7, '2000.00', 10, 'active'),
(25, 'test2', 8, '2500.00', 10, 'active'),
(26, 'test3', 2, '1000.00', 10, 'active'),
(27, 'test3', 6, '1350.00', 10, 'active'),
(28, 'test3', 7, '1900.00', 10, 'active'),
(29, 'test4', 2, '1100.00', 10, 'active'),
(30, 'test4', 3, '1300.00', 10, 'active'),
(31, 'test4', 6, '1500.00', 10, 'active'),
(32, 'test4', 7, '2100.00', 10, 'active'),
(33, 'test4', 8, '2500.00', 10, 'active'),
(34, 'test5', 1, '1000.00', 10, 'active'),
(35, 'test5', 3, '1300.00', 10, 'active'),
(36, 'test5', 6, '1400.00', 10, 'active'),
(37, 'test5', 7, '2100.00', 10, 'active'),
(38, 'test5', 8, '2600.00', 10, 'active'),
(39, 'test6', 2, '1100.00', 10, 'active'),
(40, 'test6', 6, '1450.00', 10, 'active'),
(41, 'test6', 7, '2000.00', 10, 'active'),
(42, 'test1', 4, '1300.00', 15, 'active');

--
-- Dumping data for table `flight_reservation`
--

INSERT INTO `flight_reservation` (`reservation_id`, `creation_date`, `total_fare`, `cabin_class`, `creator_account_id`, `reservation_status`) VALUES
(18, '2021-07-13 07:21:49', '4578.56', 'economy', 1, 'active'),
(33, '2021-07-22 05:48:12', '948.00', 'economy', 1, 'rebooked'),
(34, '2021-10-01 05:04:06', '1052.80', 'economy', 1, 'cancelled'),
(35, '2021-10-17 15:25:06', '956.00', 'economy', 1, 'rebooked');

--
-- Dumping data for table `flight_schedule`
--

INSERT INTO `flight_schedule` (`schedule_id`, `flight_no`, `monday`, `tuesday`, `wednesday`, `thursday`, `friday`, `saturday`, `sunday`, `departure_time`, `gate`, `effective_start_date`, `effective_end_date`, `schedule_status`) VALUES
(1, '12345', 1, 1, 1, 1, 1, 1, 0, '05:30:00', 'A2', '2021-05-20', '2021-07-01', 'inactive'),
(2, '12222', 1, 0, 0, 0, 0, 0, 0, '18:00:00', 'A4', '2021-05-18', '2024-01-01', 'inactive'),
(3, '12345', 1, 1, 0, 0, 0, 0, 0, '08:00:00', 'L3', '2021-05-18', '2024-01-01', 'inactive'),
(4, '78888', 1, 0, 0, 0, 0, 0, 0, '12:00:00', 'L1', '2021-05-18', '2024-01-01', 'inactive'),
(5, '87667', 1, 1, 0, 0, 0, 0, 0, '09:00:00', 'J2', '2021-05-18', '2024-01-01', 'inactive'),
(6, '12345', 1, 0, 0, 0, 0, 0, 0, '17:42:00', 'A10', '2021-05-18', '2024-01-01', 'inactive'),
(7, '11111', 1, 1, 1, 1, 1, 1, 1, '03:00:00', 'L10', '2021-05-21', '2024-01-01', 'inactive'),
(8, '11111', 1, 0, 0, 0, 0, 0, 0, '18:00:00', 'A14', '2021-05-18', '2024-01-01', 'inactive'),
(9, '12222', 1, 1, 1, 0, 0, 0, 0, '00:30:00', 'A10', '2021-05-18', '2024-01-01', 'inactive'),
(10, '12345', 1, 1, 1, 0, 0, 0, 0, '22:40:00', 'L1', '2021-06-01', '2024-01-01', 'inactive'),
(11, '11111', 1, 0, 0, 0, 0, 0, 1, '17:22:00', 'A18', '2021-05-25', '2024-01-01', 'inactive'),
(12, '78888', 0, 0, 1, 0, 1, 0, 0, '11:25:00', 'A12', '2021-05-27', '2024-01-01', 'inactive'),
(13, 'test1', 1, 0, 1, 0, 1, 0, 1, '09:00:00', 'L10', '2021-06-13', '2022-12-12', 'Scheduled'),
(14, 'test2', 1, 0, 1, 0, 0, 1, 0, '12:00:00', 'A10', '2021-06-13', '2022-06-12', 'Scheduled'),
(15, 'test3', 0, 0, 1, 0, 1, 1, 0, '07:52:00', 'L10', '2021-06-13', '2022-06-12', 'Scheduled'),
(16, 'test4', 1, 1, 0, 1, 0, 1, 0, '09:00:00', 'A3', '2021-06-16', '2022-06-15', 'Scheduled'),
(17, 'test5', 0, 1, 0, 1, 0, 0, 1, '19:00:00', 'J3', '2021-06-16', '2022-06-15', 'Scheduled'),
(18, 'test6', 0, 0, 0, 1, 0, 1, 1, '06:40:00', 'J10', '2021-06-16', '2022-06-15', 'Scheduled'),
(19, '78888', 1, 1, 1, 0, 0, 0, 0, '19:04:00', 'L10', '2021-06-29', '2023-02-23', 'Inactive'),
(20, 'PR204', 1, 0, 0, 0, 1, 0, 1, '13:30:00', 'A1', '2021-06-29', '2022-06-23', 'Inactive'),
(21, '12134', 0, 1, 0, 1, 0, 0, 0, '13:40:00', 'A10', '2021-07-29', '2022-06-22', 'Scheduled'),
(22, 'test2', 1, 0, 0, 0, 0, 0, 1, '21:40:00', 'J10', '2021-11-09', '2022-02-10', 'Scheduled');

--
-- Dumping data for table `passenger`
--

INSERT INTO `passenger` (`id`, `firstname`, `lastname`, `gender`, `birthdate`, `valid_id`, `valid_id_no`, `issuing_country`, `expiration_date`, `reservation_id`, `reserved_flight_id`, `passenger_status`) VALUES
(35, 'Jovi', 'Isorena', 'MALE', '1992-09-07', 'PASSPORT', '1111', 'PHILIPPINES', '2022-01-01', 18, 26, 'active'),
(36, 'Star', 'Mores', 'FEMALE', '1994-12-09', 'PASSPORT', '22222', 'PHILIPPINES', '2023-01-01', 18, 26, 'active'),
(37, 'Jovi', 'Isorena', 'MALE', '1992-09-07', 'PASSPORT', '1111', 'PHILIPPINES', '2022-01-01', 18, 27, 'active'),
(38, 'Star', 'Mores', 'FEMALE', '1994-12-09', 'PASSPORT', '22222', 'PHILIPPINES', '2023-01-01', 18, 27, 'active'),
(57, 'Joey', 'Jao-jao', 'FEMALE', '2001-02-12', 'PASSPORT', '1237543423', 'PHILIPPINES', '2022-02-09', 33, 68, 'active'),
(58, 'John', 'Doe', 'MALE', '1995-08-09', 'PASSPORT', '31231312', 'PHILIPPINES', '2022-02-09', 34, 69, 'active'),
(59, 'John', 'Smith', 'MALE', '1996-10-09', 'PASSPORT', '123212321', 'PHILIPPINES', '2021-10-27', 35, 72, 'active'),
(60, 'John', 'Smith', 'MALE', '1996-10-09', 'PASSPORT', '123212321', 'PHILIPPINES', '2021-10-27', 35, 71, 'active');

--
-- Dumping data for table `purchased_extra`
--

INSERT INTO `purchased_extra` (`id`, `passenger_id`, `extra_id`, `reservation_id`, `purchased_status`) VALUES
(36, 35, 1, 18, 'active'),
(37, 37, 1, 18, 'active'),
(38, 38, 5, 18, 'active'),
(52, 57, 1, 33, 'active'),
(53, 57, 6, 33, 'active'),
(54, 58, 1, 34, 'active'),
(55, 59, 1, 35, 'active'),
(56, 59, 5, 35, 'active'),
(57, 60, 5, 35, 'active');

--
-- Dumping data for table `reserved_flight`
--

INSERT INTO `reserved_flight` (`id`, `reservation_id`, `schedule_id`, `fare_id`, `flight_date`, `status`) VALUES
(26, 18, 13, 16, '2021-07-16', 'active'),
(27, 18, 17, 34, '2021-07-22', 'active'),
(67, 33, 14, 21, '2021-07-24', 'rebook'),
(68, 33, 14, 21, '2021-07-24', 'active'),
(69, 34, 14, 21, '2021-10-06', 'active'),
(70, 35, 14, 21, '2021-10-27', 'rebook'),
(71, 35, 17, 34, '2021-11-09', 'active'),
(72, 35, 14, 21, '2021-10-27', 'active');

--
-- Dumping data for table `reserved_seat`
--

INSERT INTO `reserved_seat` (`reserved_seat_id`, `reserved_flight_id`, `passenger_id`, `seat_number`, `status`) VALUES
(32, 26, 35, 'B4', 'active'),
(33, 26, 36, 'C4', 'active'),
(34, 27, 37, 'B6', 'active'),
(35, 27, 38, 'C6', 'active'),
(54, 68, 57, 'A6', 'active'),
(55, 69, 58, 'B6', 'active'),
(56, 72, 59, 'D6', 'active'),
(57, 71, 60, 'A6', 'active');

--
-- Dumping data for table `scheduled_aircraft`
--

INSERT INTO `scheduled_aircraft` (`id`, `schedule_id`, `day`, `aircraft_id`, `layout_id`) VALUES
(5, 13, 'Monday', 2, 2),
(6, 13, 'Wednesday', 2, 2),
(7, 13, 'Friday', 2, 2),
(8, 13, 'Sunday', 2, 2),
(9, 14, 'Monday', 2, 2),
(11, 14, 'Monday', 2, 2),
(12, 14, 'Wednesday', 2, 2),
(13, 14, 'Saturday', 2, 2),
(14, 15, 'Wednesday', 2, 2),
(15, 15, 'Friday', 2, 2),
(16, 15, 'Saturday', 2, 2),
(45, 17, 'Tuesday', 2, 2),
(46, 17, 'Thursday', 2, 2),
(47, 17, 'Sunday', 2, 2),
(57, 16, 'Monday', 2, 2),
(58, 16, 'Tuesday', 2, 2),
(59, 16, 'Thursday', 2, 2),
(60, 16, 'Saturday', 2, 2),
(65, 18, 'Thursday', 2, 2),
(66, 18, 'Saturday', 2, 2),
(67, 18, 'Sunday', 2, 2),
(74, 22, 'Monday', 4, 11),
(75, 22, 'Sunday', 4, 11);

--
-- Dumping data for table `seat_layout`
--

INSERT INTO `seat_layout` (`id`, `name`, `layout`, `aircraft_id`, `status`) VALUES
(1, 'TestLayout', '[[\"2\",\"0\",\"2\",\"2\",\"0\",\"2\"],[\"2\",\"0\",\"2\",\"2\",\"0\",\"2\"],[\"2\",\"0\",\"2\",\"2\",\"0\",\"2\"],[\"0\",\"0\",\"0\",\"0\",\"0\",\"0\"],[\"1\",\"0\",\"1\",\"1\",\"0\",\"1\"],[\"1\",\"0\",\"1\",\"1\",\"0\",\"1\"],[\"1\",\"0\",\"1\",\"1\",\"0\",\"1\"],[\"1\",\"0\",\"1\",\"1\",\"0\",\"1\"],[\"1\",\"0\",\"1\",\"1\",\"0\",\"1\"],[\"1\",\"0\",\"1\",\"1\",\"0\",\"1\"]]', 2, 'active'),
(2, 'TestLayout2', '[[\"3\",\"0\",\"3\",\"3\",\"0\",\"3\"],[\"2\",\"0\",\"2\",\"2\",\"0\",\"2\"],[\"2\",\"0\",\"2\",\"2\",\"0\",\"2\"],[\"0\",\"0\",\"0\",\"0\",\"0\",\"0\"],[\"1\",\"0\",\"1\",\"1\",\"0\",\"1\"],[\"1\",\"0\",\"1\",\"1\",\"0\",\"1\"],[\"1\",\"0\",\"1\",\"1\",\"0\",\"1\"],[\"1\",\"0\",\"1\",\"1\",\"0\",\"1\"],[\"1\",\"0\",\"1\",\"1\",\"0\",\"1\"],[\"1\",\"0\",\"1\",\"1\",\"0\",\"1\"]]', 2, 'active'),
(3, 'TestLayout3', '[[\"2\",\"0\",\"2\",\"2\",\"0\",\"2\"],[\"2\",\"0\",\"2\",\"2\",\"0\",\"2\"],[\"2\",\"0\",\"2\",\"2\",\"0\",\"2\"],[\"0\",\"0\",\"0\",\"0\",\"0\",\"0\"],[\"0\",\"0\",\"0\",\"0\",\"0\",\"0\"],[\"0\",\"0\",\"0\",\"0\",\"0\",\"0\"],[\"1\",\"0\",\"1\",\"1\",\"0\",\"1\"],[\"1\",\"0\",\"1\",\"1\",\"0\",\"1\"],[\"1\",\"0\",\"1\",\"1\",\"0\",\"1\"],[\"1\",\"0\",\"1\",\"1\",\"0\",\"1\"]]', 2, 'active'),
(4, 'TestLayout4', '[[\"2\",\"0\",\"2\",\"2\",\"0\",\"2\"],[\"2\",\"0\",\"2\",\"2\",\"0\",\"2\"],[\"2\",\"0\",\"2\",\"2\",\"0\",\"2\"],[\"0\",\"0\",\"0\",\"0\",\"0\",\"0\"],[\"1\",\"0\",\"1\",\"1\",\"0\",\"1\"],[\"1\",\"0\",\"1\",\"1\",\"0\",\"1\"],[\"1\",\"0\",\"1\",\"1\",\"0\",\"1\"],[\"1\",\"0\",\"1\",\"1\",\"0\",\"1\"],[\"1\",\"0\",\"1\",\"1\",\"0\",\"1\"],[\"1\",\"0\",\"1\",\"1\",\"0\",\"1\"]]', 2, 'active'),
(5, 'f', '[[\"0\",\"3\",\"0\"],[\"0\",\"3\",\"0\"],[\"0\",\"3\",\"0\"]]', 2, 'active'),
(9, 'hehehe', '[[\"0\",\"1\",\"0\",\"0\"],[\"0\",\"1\",\"0\",\"0\"],[\"0\",\"1\",\"0\",\"0\"],[\"0\",\"1\",\"0\",\"0\"]]', 2, 'active'),
(10, 'Test2', '[[\"1\",\"0\",\"0\",\"0\",\"0\",\"1\"],[\"1\",\"0\",\"0\",\"0\",\"0\",\"1\"],[\"1\",\"0\",\"0\",\"0\",\"0\",\"1\"],[\"1\",\"0\",\"0\",\"0\",\"0\",\"1\"],[\"1\",\"0\",\"0\",\"0\",\"0\",\"1\"],[\"1\",\"0\",\"0\",\"0\",\"0\",\"1\"],[\"1\",\"0\",\"0\",\"0\",\"0\",\"1\"],[\"1\",\"0\",\"0\",\"0\",\"0\",\"1\"],[\"1\",\"0\",\"0\",\"0\",\"0\",\"1\"],[\"1\",\"0\",\"0\",\"0\",\"0\",\"1\"]]', 3, 'active'),
(11, 'SampleLayout1', '[[\"0\",\"0\",\"0\",\"0\",\"0\",\"0\"],[\"0\",\"3\",\"0\",\"0\",\"3\",\"0\"],[\"0\",\"0\",\"0\",\"0\",\"0\",\"0\"],[\"0\",\"3\",\"0\",\"0\",\"3\",\"0\"],[\"0\",\"0\",\"0\",\"0\",\"0\",\"0\"],[\"2\",\"0\",\"2\",\"2\",\"0\",\"2\"],[\"2\",\"0\",\"2\",\"2\",\"0\",\"2\"],[\"2\",\"0\",\"2\",\"2\",\"0\",\"2\"],[\"0\",\"0\",\"0\",\"0\",\"0\",\"0\"],[\"1\",\"0\",\"1\",\"1\",\"0\",\"1\"],[\"1\",\"0\",\"1\",\"1\",\"0\",\"1\"],[\"1\",\"0\",\"1\",\"1\",\"0\",\"1\"],[\"1\",\"0\",\"1\",\"1\",\"0\",\"1\"],[\"1\",\"0\",\"1\",\"1\",\"0\",\"1\"],[\"1\",\"0\",\"1\",\"1\",\"0\",\"1\"],[\"1\",\"0\",\"1\",\"1\",\"0\",\"1\"],[\"1\",\"0\",\"1\",\"1\",\"0\",\"1\"],[\"1\",\"0\",\"1\",\"1\",\"0\",\"1\"],[\"1\",\"0\",\"1\",\"1\",\"0\",\"1\"],[\"1\",\"0\",\"1\",\"1\",\"0\",\"1\"]]', 4, 'active'),
(12, 'newlayout', '[[\"1\",\"0\",\"1\",\"1\",\"0\",\"1\"],[\"1\",\"0\",\"1\",\"1\",\"0\",\"1\"],[\"1\",\"0\",\"1\",\"1\",\"0\",\"1\"],[\"1\",\"0\",\"1\",\"1\",\"0\",\"1\"],[\"1\",\"0\",\"1\",\"1\",\"0\",\"1\"],[\"1\",\"0\",\"1\",\"1\",\"0\",\"1\"],[\"1\",\"0\",\"1\",\"1\",\"0\",\"1\"],[\"1\",\"0\",\"1\",\"1\",\"0\",\"1\"],[\"1\",\"0\",\"1\",\"1\",\"0\",\"1\"],[\"1\",\"0\",\"1\",\"1\",\"0\",\"1\"]]', 2, 'active'),
(13, 'newlayout2', '[[\"1\",\"0\",\"1\",\"1\",\"0\",\"1\"],[\"1\",\"0\",\"1\",\"1\",\"0\",\"1\"],[\"1\",\"0\",\"1\",\"1\",\"0\",\"1\"],[\"1\",\"0\",\"1\",\"1\",\"0\",\"1\"],[\"1\",\"0\",\"1\",\"1\",\"0\",\"1\"],[\"1\",\"0\",\"1\",\"1\",\"0\",\"1\"],[\"1\",\"0\",\"1\",\"1\",\"0\",\"1\"],[\"1\",\"0\",\"1\",\"1\",\"0\",\"1\"],[\"1\",\"0\",\"1\",\"1\",\"0\",\"1\"],[\"1\",\"0\",\"1\",\"1\",\"0\",\"1\"]]', 2, 'active'),
(14, 'sample_Layout', '[[\"0\",\"0\",\"0\",\"0\",\"0\",\"0\"],[\"3\",\"0\",\"3\",\"3\",\"0\",\"3\"],[\"3\",\"0\",\"3\",\"3\",\"0\",\"3\"],[\"3\",\"0\",\"2\",\"2\",\"0\",\"3\"],[\"3\",\"0\",\"3\",\"3\",\"3\",\"3\"],[\"3\",\"0\",\"3\",\"3\",\"0\",\"3\"],[\"3\",\"0\",\"3\",\"3\",\"0\",\"3\"],[\"3\",\"0\",\"3\",\"3\",\"0\",\"3\"],[\"3\",\"3\",\"3\",\"3\",\"0\",\"3\"],[\"3\",\"3\",\"3\",\"3\",\"3\",\"3\"]]', 9, 'active'),
(15, 'sample_Layout1', '[[\"0\",\"0\",\"0\",\"0\",\"0\",\"0\"],[\"3\",\"0\",\"3\",\"3\",\"0\",\"2\"],[\"3\",\"0\",\"3\",\"3\",\"0\",\"2\"],[\"3\",\"0\",\"2\",\"2\",\"0\",\"2\"],[\"3\",\"0\",\"3\",\"3\",\"0\",\"2\"],[\"3\",\"0\",\"3\",\"3\",\"0\",\"2\"],[\"3\",\"0\",\"3\",\"3\",\"0\",\"2\"],[\"3\",\"0\",\"3\",\"3\",\"0\",\"2\"],[\"3\",\"3\",\"3\",\"3\",\"2\",\"2\"],[\"3\",\"3\",\"3\",\"3\",\"3\",\"2\"]]', 9, 'active'),
(16, 'sample3', '[[\"0\",\"0\",\"0\",\"0\",\"0\",\"0\"],[\"3\",\"0\",\"3\",\"3\",\"0\",\"2\"],[\"3\",\"0\",\"3\",\"3\",\"0\",\"2\"],[\"3\",\"0\",\"2\",\"2\",\"0\",\"2\"],[\"3\",\"0\",\"3\",\"3\",\"0\",\"2\"],[\"3\",\"0\",\"3\",\"3\",\"0\",\"2\"],[\"3\",\"0\",\"3\",\"3\",\"0\",\"2\"],[\"3\",\"0\",\"3\",\"3\",\"0\",\"2\"],[\"1\",\"1\",\"1\",\"1\",\"1\",\"1\"],[\"3\",\"3\",\"3\",\"3\",\"3\",\"2\"]]', 9, 'active'),
(17, 'sample_layout11', '[[\"0\",\"0\",\"0\",\"0\",\"0\",\"0\"],[\"1\",\"0\",\"1\",\"1\",\"0\",\"1\"],[\"1\",\"0\",\"1\",\"1\",\"0\",\"1\"],[\"1\",\"0\",\"1\",\"1\",\"0\",\"1\"],[\"1\",\"0\",\"1\",\"1\",\"0\",\"1\"],[\"1\",\"0\",\"1\",\"1\",\"0\",\"1\"],[\"1\",\"0\",\"1\",\"1\",\"0\",\"1\"],[\"1\",\"0\",\"1\",\"1\",\"0\",\"1\"],[\"1\",\"0\",\"1\",\"1\",\"0\",\"1\"],[\"1\",\"0\",\"1\",\"1\",\"0\",\"1\"]]', 7, 'active'),
(18, 'new_layout1', '[[\"2\",\"0\",\"2\",\"0\",\"2\"],[\"2\",\"0\",\"2\",\"0\",\"2\"],[\"2\",\"0\",\"2\",\"0\",\"2\"],[\"2\",\"0\",\"2\",\"0\",\"2\"],[\"2\",\"0\",\"2\",\"0\",\"2\"],[\"2\",\"0\",\"2\",\"0\",\"2\"],[\"2\",\"0\",\"2\",\"0\",\"2\"],[\"2\",\"0\",\"2\",\"0\",\"2\"],[\"2\",\"0\",\"2\",\"0\",\"2\"],[\"2\",\"0\",\"2\",\"0\",\"2\"]]', 7, 'active'),
(19, 'modified_layout', '[[\"1\",\"0\",\"1\",\"0\",\"1\"],[\"2\",\"0\",\"2\",\"0\",\"2\"],[\"2\",\"0\",\"2\",\"0\",\"2\"],[\"2\",\"0\",\"2\",\"0\",\"2\"],[\"2\",\"0\",\"2\",\"0\",\"2\"],[\"2\",\"0\",\"2\",\"0\",\"2\"],[\"2\",\"0\",\"2\",\"0\",\"2\"],[\"2\",\"0\",\"2\",\"0\",\"2\"],[\"2\",\"0\",\"2\",\"0\",\"2\"],[\"2\",\"0\",\"2\",\"0\",\"2\"]]', 7, 'active'),
(20, 'Layout1', '[[\"0\",\"0\",\"0\",\"0\",\"0\",\"0\",\"0\"],[\"2\",\"0\",\"2\",\"0\",\"2\",\"0\",\"2\"],[\"0\",\"0\",\"0\",\"0\",\"0\",\"0\",\"0\"],[\"2\",\"0\",\"2\",\"0\",\"2\",\"0\",\"2\"],[\"0\",\"0\",\"0\",\"0\",\"0\",\"0\",\"0\"],[\"0\",\"0\",\"0\",\"0\",\"0\",\"0\",\"0\"],[\"1\",\"1\",\"1\",\"0\",\"1\",\"1\",\"1\"],[\"1\",\"1\",\"1\",\"0\",\"1\",\"1\",\"1\"],[\"1\",\"1\",\"1\",\"0\",\"1\",\"1\",\"1\"],[\"1\",\"1\",\"1\",\"0\",\"1\",\"1\",\"1\"],[\"1\",\"1\",\"1\",\"0\",\"1\",\"1\",\"1\"],[\"1\",\"1\",\"1\",\"0\",\"1\",\"1\",\"1\"],[\"1\",\"1\",\"1\",\"0\",\"1\",\"1\",\"1\"],[\"1\",\"1\",\"1\",\"0\",\"1\",\"1\",\"1\"],[\"1\",\"1\",\"1\",\"0\",\"1\",\"1\",\"1\"],[\"1\",\"1\",\"1\",\"0\",\"1\",\"1\",\"1\"],[\"1\",\"1\",\"1\",\"0\",\"0\",\"0\",\"0\"],[\"1\",\"1\",\"1\",\"0\",\"0\",\"0\",\"0\"],[\"1\",\"1\",\"1\",\"0\",\"0\",\"0\",\"0\"],[\"1\",\"1\",\"1\",\"0\",\"0\",\"0\",\"0\"]]', 10, 'active'),
(21, 'Layout1-a330', '[[\"0\",\"0\",\"0\",\"0\",\"0\",\"0\",\"0\",\"0\",\"0\",\"0\",\"0\"],[\"0\",\"0\",\"0\",\"0\",\"0\",\"0\",\"0\",\"0\",\"0\",\"0\",\"0\"],[\"2\",\"0\",\"2\",\"0\",\"2\",\"0\",\"2\",\"0\",\"2\",\"0\",\"2\"],[\"0\",\"0\",\"0\",\"0\",\"0\",\"0\",\"0\",\"0\",\"0\",\"0\",\"0\"],[\"2\",\"0\",\"2\",\"0\",\"2\",\"0\",\"2\",\"0\",\"2\",\"0\",\"2\"],[\"0\",\"0\",\"0\",\"0\",\"0\",\"0\",\"0\",\"0\",\"0\",\"0\",\"0\"],[\"0\",\"0\",\"0\",\"0\",\"0\",\"0\",\"0\",\"0\",\"0\",\"0\",\"0\"],[\"3\",\"3\",\"3\",\"0\",\"3\",\"3\",\"3\",\"0\",\"3\",\"3\",\"3\"],[\"3\",\"3\",\"3\",\"0\",\"3\",\"3\",\"3\",\"0\",\"3\",\"3\",\"3\"],[\"3\",\"3\",\"3\",\"0\",\"3\",\"3\",\"3\",\"0\",\"3\",\"3\",\"3\"],[\"3\",\"3\",\"3\",\"0\",\"3\",\"3\",\"3\",\"0\",\"3\",\"3\",\"3\"],[\"3\",\"3\",\"3\",\"0\",\"3\",\"3\",\"3\",\"0\",\"3\",\"3\",\"3\"],[\"3\",\"3\",\"3\",\"0\",\"3\",\"3\",\"3\",\"0\",\"3\",\"3\",\"3\"],[\"0\",\"0\",\"0\",\"0\",\"0\",\"0\",\"0\",\"0\",\"0\",\"0\",\"0\"],[\"0\",\"0\",\"0\",\"0\",\"0\",\"0\",\"0\",\"0\",\"0\",\"0\",\"0\"],[\"1\",\"1\",\"1\",\"0\",\"0\",\"0\",\"0\",\"0\",\"0\",\"0\",\"0\"],[\"1\",\"1\",\"1\",\"0\",\"0\",\"0\",\"0\",\"0\",\"0\",\"0\",\"0\"],[\"1\",\"1\",\"1\",\"0\",\"0\",\"0\",\"0\",\"0\",\"0\",\"0\",\"0\"],[\"1\",\"1\",\"0\",\"0\",\"0\",\"0\",\"0\",\"0\",\"0\",\"0\",\"0\"],[\"1\",\"1\",\"0\",\"0\",\"0\",\"0\",\"0\",\"0\",\"0\",\"0\",\"0\"],[\"1\",\"1\",\"0\",\"0\",\"0\",\"0\",\"0\",\"0\",\"0\",\"0\",\"0\"],[\"1\",\"0\",\"0\",\"0\",\"0\",\"0\",\"0\",\"0\",\"0\",\"0\",\"0\"],[\"1\",\"1\",\"1\",\"0\",\"0\",\"0\",\"0\",\"0\",\"0\",\"0\",\"0\"],[\"0\",\"0\",\"0\",\"0\",\"0\",\"0\",\"0\",\"0\",\"0\",\"0\",\"0\"],[\"0\",\"0\",\"0\",\"0\",\"0\",\"0\",\"0\",\"0\",\"0\",\"0\",\"0\"]]', 7, 'active'),
(22, 'NewLayout3', '[[\"0\",\"0\",\"0\",\"0\",\"0\",\"0\",\"0\",\"0\",\"0\",\"0\"],[\"0\",\"0\",\"0\",\"0\",\"0\",\"0\",\"0\",\"0\",\"0\",\"0\"],[\"0\",\"0\",\"0\",\"0\",\"0\",\"0\",\"0\",\"0\",\"0\",\"0\"],[\"0\",\"0\",\"0\",\"0\",\"0\",\"0\",\"0\",\"0\",\"0\",\"0\"],[\"0\",\"0\",\"0\",\"0\",\"0\",\"0\",\"0\",\"0\",\"0\",\"0\"],[\"0\",\"0\",\"0\",\"0\",\"0\",\"0\",\"0\",\"0\",\"0\",\"0\"],[\"1\",\"0\",\"1\",\"0\",\"1\",\"0\",\"0\",\"0\",\"0\",\"0\"],[\"1\",\"0\",\"1\",\"0\",\"1\",\"0\",\"0\",\"0\",\"0\",\"0\"],[\"1\",\"0\",\"1\",\"0\",\"1\",\"0\",\"0\",\"0\",\"0\",\"0\"],[\"1\",\"0\",\"1\",\"0\",\"1\",\"0\",\"0\",\"0\",\"0\",\"0\"],[\"1\",\"0\",\"1\",\"0\",\"1\",\"0\",\"0\",\"0\",\"0\",\"0\"],[\"1\",\"0\",\"1\",\"0\",\"1\",\"0\",\"0\",\"0\",\"0\",\"0\"]]', 2, 'active'),
(23, 'newLayoutdemo', '[[\"1\",\"0\",\"2\",\"0\",\"3\",\"0\",\"0\",\"0\",\"0\",\"0\"],[\"1\",\"0\",\"2\",\"0\",\"3\",\"0\",\"0\",\"0\",\"0\",\"0\"],[\"1\",\"0\",\"2\",\"0\",\"3\",\"0\",\"0\",\"0\",\"0\",\"0\"],[\"1\",\"0\",\"2\",\"0\",\"3\",\"0\",\"0\",\"0\",\"0\",\"0\"],[\"1\",\"0\",\"2\",\"0\",\"3\",\"0\",\"0\",\"0\",\"0\",\"0\"],[\"1\",\"0\",\"2\",\"0\",\"3\",\"0\",\"0\",\"0\",\"0\",\"0\"],[\"1\",\"0\",\"2\",\"0\",\"3\",\"0\",\"0\",\"0\",\"0\",\"0\"],[\"1\",\"0\",\"2\",\"0\",\"3\",\"0\",\"0\",\"0\",\"0\",\"0\"],[\"1\",\"0\",\"2\",\"0\",\"3\",\"0\",\"0\",\"0\",\"0\",\"0\"],[\"1\",\"0\",\"2\",\"0\",\"3\",\"0\",\"0\",\"0\",\"0\",\"0\"],[\"1\",\"0\",\"2\",\"0\",\"0\",\"0\",\"0\",\"0\",\"0\",\"0\"],[\"1\",\"0\",\"2\",\"0\",\"0\",\"0\",\"0\",\"0\",\"0\",\"0\"],[\"1\",\"0\",\"2\",\"0\",\"0\",\"0\",\"0\",\"0\",\"0\",\"0\"],[\"1\",\"0\",\"2\",\"0\",\"0\",\"0\",\"0\",\"0\",\"0\",\"0\"],[\"1\",\"0\",\"2\",\"0\",\"0\",\"0\",\"0\",\"0\",\"0\",\"0\"]]', 2, 'active');

--
-- Dumping data for table `users`
--

INSERT INTO `users` (`id`, `firstname`, `middlename`, `lastname`, `suffix`, `email`, `password`, `mobile_no`, `birthdate`, `account_status`) VALUES
(1, 'JOVI', 'JR.', 'ISORENA', '', 'JOVITO.ISORENA.JR@GMAIL.COM', '$2y$10$C4pjlTaDQ4OznRcKkmuQ5uAVsS2yCKk1wPmQKb762W4Y/YYJB6bXi', '09123456789', '2021-05-05', 'active'),
(2, 'jovito', 'briones', 'isorena', 'jr', 'jovi.freelance@gmail.com', '$2y$10$jZ6otoMN7Tnt9qnL6QKqjOzZcGBHC7Q76NHVA5KsUbg8kiKVIg/Oi', '0919233333', '1992-07-09', 'active'),
(3, 'dummy', 'dummy', 'dummy', '', 'dummy@gmail.com', '$2y$10$fepwKIO4puDgT3LOGZ9c6.YpKlnCUTE2A788Liv97HtepeiBNqT4e', '', '0000-00-00', 'active'),
(4, 'dada', 'briones', 'dsdsd', 'jr', 'dsdsdsds@dd.com', '$2y$10$fCYSttgbHS6DxqnCaNA28uVC0aiXVeMJekULzpPKPLSKaMW3Bf4mS', '09123131', '2002-02-12', 'active'),
(6, 'dada', 'briones', 'dsdsd', 'jr', 'dsdsdsds2@dd.com', '$2y$10$isUcdWBeFj0v.kfk9oYlmOxpS3VgLH7I/MeAGhxAxNjy3SMLZhhIi', '09123131', '2002-02-12', 'active'),
(7, 'jovi', 'briones', 'isorena', 'jr', 'jovi.freelance20@gmail.com', '$2y$10$RUrAs.vAuCW9UIaCouvkbu0HhkcHYEcL5eriQfQm1qXGdKSigC2Ty', '09123131', '1992-09-07', 'active'),
(8, 'jovito', 'briones', 'isorena', '', 'test@gmail.com', '$2y$10$IDLxXDt779tNu6T3XVUgV.4HDys7safStB55iqs9EUOUsLIjIk4rm', '0919233333', '2021-05-18', 'active'),
(9, 'First', 'Middle', 'Last', '', 'email@yahoo.com', '$2y$10$cnKI/yRGvM6avPK6mrgkcua.qg9Wt7b95uuSQAHKGYfiGiE0G5IGi', '0912343555', '2021-05-05', 'active'),
(10, 'Juan', '', 'Dela Cruz', '', 'sample22@gmail.com', '$2y$10$ozyk9q4H/nb3srdAu01Fp.zEUxeO/4RIDSiiRfDBh4y7iUEGSLYcy', '09125678907', '2012-01-01', 'active');

-- --------------------------------------------------------

--
-- Structure for view `vw_flight_info`
--
DROP TABLE IF EXISTS `vw_flight_info`;

CREATE ALGORITHM=UNDEFINED DEFINER=`root`@`localhost` SQL SECURITY DEFINER VIEW `vw_flight_info`  AS  select `s`.`schedule_id` AS `schedule_id`,`s`.`flight_no` AS `flight_no`,`s`.`monday` AS `monday`,`s`.`tuesday` AS `tuesday`,`s`.`wednesday` AS `wednesday`,`s`.`thursday` AS `thursday`,`s`.`friday` AS `friday`,`s`.`saturday` AS `saturday`,`s`.`sunday` AS `sunday`,`s`.`departure_time` AS `departure_time`,`s`.`gate` AS `gate`,`s`.`effective_start_date` AS `effective_start_date`,`s`.`effective_end_date` AS `effective_end_date`,`s`.`schedule_status` AS `schedule_status`,`f`.`duration_minutes` AS `duration_minutes`,`f`.`airport_origin` AS `airport_origin`,(select `a`.`name` from `airport` `a` where `a`.`airport_code` = `f`.`airport_origin`) AS `origin_name`,(select `a`.`address` from `airport` `a` where `a`.`airport_code` = `f`.`airport_origin`) AS `origin_address`,`f`.`airport_destination` AS `airport_destination`,(select `a`.`name` from `airport` `a` where `a`.`airport_code` = `f`.`airport_destination`) AS `destination_name`,(select `a`.`address` from `airport` `a` where `a`.`airport_code` = `f`.`airport_destination`) AS `destination_address`,`f`.`type` AS `type`,`f`.`flight_status` AS `flight_status` from (`flight_schedule` `s` left join `flight` `f` on(`s`.`flight_no` = `f`.`flight_no`)) ;

-- --------------------------------------------------------

--
-- Structure for view `vw_flight_prices`
--
DROP TABLE IF EXISTS `vw_flight_prices`;

CREATE ALGORITHM=UNDEFINED DEFINER=`root`@`localhost` SQL SECURITY DEFINER VIEW `vw_flight_prices`  AS  select `s`.`schedule_id` AS `schedule_id`,`s`.`flight_no` AS `flight_no`,`s`.`monday` AS `monday`,`s`.`tuesday` AS `tuesday`,`s`.`wednesday` AS `wednesday`,`s`.`thursday` AS `thursday`,`s`.`friday` AS `friday`,`s`.`saturday` AS `saturday`,`s`.`sunday` AS `sunday`,`s`.`departure_time` AS `departure_time`,`s`.`gate` AS `gate`,`s`.`effective_start_date` AS `effective_start_date`,`s`.`effective_end_date` AS `effective_end_date`,`s`.`schedule_status` AS `schedule_status`,`f`.`duration_minutes` AS `duration_minutes`,`f`.`airport_origin` AS `airport_origin`,(select `a`.`name` from `airport` `a` where `a`.`airport_code` = `f`.`airport_origin`) AS `origin_name`,(select `a`.`address` from `airport` `a` where `a`.`airport_code` = `f`.`airport_origin`) AS `origin_address`,`f`.`airport_destination` AS `airport_destination`,(select `a`.`name` from `airport` `a` where `a`.`airport_code` = `f`.`airport_destination`) AS `destination_name`,(select `a`.`address` from `airport` `a` where `a`.`airport_code` = `f`.`airport_destination`) AS `destination_address`,`f`.`type` AS `type`,`f`.`flight_status` AS `flight_status`,`ff`.`id` AS `id`,`ff`.`fare_id` AS `fare_id`,`ff`.`price` AS `price`,`ff`.`available_slots` AS `available_slots`,`ff`.`status` AS `status`,`fr`.`name` AS `name`,`fr`.`class` AS `class` from (((`flight_schedule` `s` join `flight` `f`) join `flight_fare` `ff`) join `fare` `fr`) where `s`.`schedule_status` <> 'inactive' and `f`.`flight_status` <> 'inactive' and `ff`.`status` <> 'inactive' and `fr`.`fare_status` <> 'inactive' and `s`.`flight_no` = `f`.`flight_no` and `f`.`flight_no` = `ff`.`flight_no` and `ff`.`fare_id` = `fr`.`id` ;
COMMIT;

/*!40101 SET CHARACTER_SET_CLIENT=@OLD_CHARACTER_SET_CLIENT */;
/*!40101 SET CHARACTER_SET_RESULTS=@OLD_CHARACTER_SET_RESULTS */;
/*!40101 SET COLLATION_CONNECTION=@OLD_COLLATION_CONNECTION */;
